Timestamp,Rank,Coin,Price,24h Change,Market Cap
2026-09-29 20:00:00,1,Bitcoin,85000.0,0.5,1.70T
2026-09-29 20:00:00,2,Ethereum,2700.0,1.2,325B
2026-09-29 20:00:00,3,Tether,1.0,0.01,175B
2026-09-29 20:00:00,4,BNB,600.0,-0.3,85B
2026-09-29 20:00:00,5,XRP,2.5,2.1,150B
2026-09-30 11:32:51,1,Bitcoin,86000.0,1.5,1.72T
2026-09-30 11:32:51,2,Ethereum,2750.0,2.1,330B
2026-09-30 11:32:51,3,Tether,1.0,0.02,175B
2026-09-30 11:32:51,4,BNB,610.0,0.8,86B
2026-09-30 11:32:51,5,XRP,2.6,3.0,155B
2026-09-30 11:34:44,1,Bitcoin,86000.0,1.5,1.72T
2026-09-30 11:34:44,2,Ethereum,2750.0,2.1,330B
2026-09-30 11:34:44,3,Tether,1.0,0.02,175B
2026-09-30 11:34:44,4,BNB,610.0,0.8,86B
2026-09-30 11:34:44,5,XRP,2.6,3.0,155B
2026-09-30 11:35:34,1,Bitcoin,86000.0,1.5,1.72T
2026-09-30 11:35:34,2,Ethereum,2750.0,2.1,330B
2026-09-30 11:35:34,3,Tether,1.0,0.02,175B
2026-09-30 11:35:34,4,BNB,610.0,0.8,86B
2026-09-30 11:35:34,5,XRP,2.6,3.0,155B
2026-09-30 12:00:48,1,Bitcoin,"$85,000",+0.50%,$1.70T
2026-09-30 12:00:48,2,Ethereum,"$2,700",+1.20%,$325B
2026-09-30 12:00:48,3,Tether,$1.00,+0.01%,$175B
2026-09-30 12:00:48,4,BNB,$600,-0.30%,$85B
2026-09-30 12:00:48,5,XRP,$2.50,+2.10%,$150B
2026-09-30 12:00:48,6,USDC,$1.00,0.00%,$75B
2026-09-30 12:00:48,7,Solana,$200,+3.20%,$95B
2026-09-30 12:00:48,8,TRON,$0.35,+0.80%,$33B
2026-09-30 12:00:48,9,Zcash,$50,+4.50%,$1B
2026-09-30 12:00:48,10,Hyperliquid,$40,+5.00%,$13B
2026-10-03 11:51:05,1,Bitcoin,"$85,000",+0.50%,$1.70T
2026-10-03 11:51:05,2,Ethereum,"$2,700",+1.20%,$325B
2026-10-03 11:51:05,3,Tether,$1.00,+0.01%,$175B
2026-10-03 11:51:05,4,BNB,$600,-0.30%,$85B
2026-10-03 11:51:05,5,XRP,$2.50,+2.10%,$150B
2026-10-03 11:51:05,6,USDC,$1.00,0.00%,$75B
2026-10-03 11:51:05,7,Solana,$200,+3.20%,$95B
2026-10-03 11:51:05,8,TRON,$0.35,+0.80%,$33B
2026-10-03 11:51:05,9,Zcash,$50,+4.50%,$1B
2026-10-03 11:51:05,10,Hyperliquid,$40,+5.00%,$13B
2026-10-03 12:04:31,1,Bitcoin,"$85,000",+0.50%,$1.70T
2026-10-03 12:04:31,2,Ethereum,"$2,700",+1.20%,$325B
2026-10-03 12:04:31,3,Tether,$1.00,+0.01%,$175B
2026-10-03 12:04:31,4,BNB,$600,-0.30%,$85B
2026-10-03 12:04:31,5,XRP,$2.50,+2.10%,$150B
2026-10-03 12:04:31,6,USDC,$1.00,0.00%,$75B
2026-10-03 12:04:31,7,Solana,$200,+3.20%,$95B
2026-10-03 12:04:31,8,TRON,$0.35,+0.80%,$33B
2026-10-03 12:04:31,9,Zcash,$50,+4.50%,$1B
2026-10-03 12:04:31,10,Hyperliquid,$40,+5.00%,$13B
2026-10-03 12:07:25,1,Bitcoin,"$85,000",+0.50%,$1.70T
2026-10-03 12:07:25,2,Ethereum,"$2,700",+1.20%,$325B
2026-10-03 12:07:25,3,Tether,$1.00,+0.01%,$175B
2026-10-03 12:07:25,4,BNB,$600,-0.30%,$85B
2026-10-03 12:07:25,5,XRP,$2.50,+2.10%,$150B
2026-10-03 12:07:25,6,USDC,$1.00,0.00%,$75B
2026-10-03 12:07:25,7,Solana,$200,+3.20%,$95B
2026-10-03 12:07:25,8,TRON,$0.35,+0.80%,$33B
2026-10-03 12:07:25,9,Zcash,$50,+4.50%,$1B
2026-10-03 12:07:25,10,Hyperliquid,$40,+5.00%,$13B
2026-10-03 12:10:27,1,Bitcoin,"$85,000",+0.50%,$1.70T
2026-10-03 12:10:27,2,Ethereum,"$2,700",+1.20%,$325B
2026-10-03 12:10:27,3,Tether,$1.00,+0.01%,$175B
2026-10-03 12:10:27,4,BNB,$600,-0.30%,$85B
2026-10-03 12:10:27,5,XRP,$2.50,+2.10%,$150B
2026-10-03 12:10:27,6,USDC,$1.00,0.00%,$75B
2026-10-03 12:10:27,7,Solana,$200,+3.20%,$95B
2026-10-03 12:10:27,8,TRON,$0.35,+0.80%,$33B
2026-10-03 12:10:27,9,Zcash,$50,+4.50%,$1B
2026-10-03 12:10:27,10,Hyperliquid,$40,+5.00%,$13B
2026-10-03 12:16:42,1,Bitcoin,"$85,000",+0.50%,$1.70T
2026-10-03 12:16:42,2,Ethereum,"$2,700",+1.20%,$325B
2026-10-03 12:16:42,3,Tether,$1.00,+0.01%,$175B
2026-10-03 12:16:42,4,BNB,$600,-0.30%,$85B
2026-10-03 12:16:42,5,XRP,$2.50,+2.10%,$150B
2026-10-03 12:16:42,6,USDC,$1.00,0.00%,$75B
2026-10-03 12:16:42,7,Solana,$200,+3.20%,$95B
2026-10-03 12:16:42,8,TRON,$0.35,+0.80%,$33B
2026-10-03 12:16:42,9,Zcash,$50,+4.50%,$1B
2026-10-03 12:16:42,10,Hyperliquid,$40,+5.00%,$13B
2026-10-03 12:17:15,1,Bitcoin,"$85,000",+0.50%,$1.70T
2026-10-03 12:17:15,2,Ethereum,"$2,700",+1.20%,$325B
2026-10-03 12:17:15,3,Tether,$1.00,+0.01%,$175B
2026-10-03 12:17:15,4,BNB,$600,-0.30%,$85B
2026-10-03 12:17:15,5,XRP,$2.50,+2.10%,$150B
2026-10-03 12:17:15,6,USDC,$1.00,0.00%,$75B
2026-10-03 12:17:15,7,Solana,$200,+3.20%,$95B
2026-10-03 12:17:15,8,TRON,$0.35,+0.80%,$33B
2026-10-03 12:17:15,9,Zcash,$50,+4.50%,$1B
2026-10-03 12:17:15,10,Hyperliquid,$40,+5.00%,$13B
2026-10-03 12:17:48,1,Bitcoin,"$85,000",+0.50%,$1.70T
2026-10-03 12:17:48,2,Ethereum,"$2,700",+1.20%,$325B
2026-10-03 12:17:48,3,Tether,$1.00,+0.01%,$175B
2026-10-03 12:17:48,4,BNB,$600,-0.30%,$85B
2026-10-03 12:17:48,5,XRP,$2.50,+2.10%,$150B
2026-10-03 12:17:48,6,USDC,$1.00,0.00%,$75B
2026-10-03 12:17:48,7,Solana,$200,+3.20%,$95B
2026-10-03 12:17:48,8,TRON,$0.35,+0.80%,$33B
2026-10-03 12:17:48,9,Zcash,$50,+4.50%,$1B
2026-10-03 12:17:48,10,Hyperliquid,$40,+5.00%,$13B
2026-10-03 12:18:22,1,Bitcoin,"$85,000",+0.50%,$1.70T
2026-10-03 12:18:22,2,Ethereum,"$2,700",+1.20%,$325B
2026-10-03 12:18:22,3,Tether,$1.00,+0.01%,$175B
2026-10-03 12:18:22,4,BNB,$600,-0.30%,$85B
2026-10-03 12:18:22,5,XRP,$2.50,+2.10%,$150B
2026-10-03 12:18:22,6,USDC,$1.00,0.00%,$75B
2026-10-03 12:18:22,7,Solana,$200,+3.20%,$95B
2026-10-03 12:18:22,8,TRON,$0.35,+0.80%,$33B
2026-10-03 12:18:22,9,Zcash,$50,+4.50%,$1B
2026-10-03 12:18:22,10,Hyperliquid,$40,+5.00%,$13B
2026-10-03 12:18:55,1,Bitcoin,"$85,000",+0.50%,$1.70T
2026-10-03 12:18:55,2,Ethereum,"$2,700",+1.20%,$325B
2026-10-03 12:18:55,3,Tether,$1.00,+0.01%,$175B
2026-10-03 12:18:55,4,BNB,$600,-0.30%,$85B
2026-10-03 12:18:55,5,XRP,$2.50,+2.10%,$150B
2026-10-03 12:18:55,6,USDC,$1.00,0.00%,$75B
2026-10-03 12:18:55,7,Solana,$200,+3.20%,$95B
2026-10-03 12:18:55,8,TRON,$0.35,+0.80%,$33B
2026-10-03 12:18:55,9,Zcash,$50,+4.50%,$1B
2026-10-03 12:18:55,10,Hyperliquid,$40,+5.00%,$13B
2026-10-03 12:19:28,1,Bitcoin,"$85,000",+0.50%,$1.70T
2026-10-03 12:19:28,2,Ethereum,"$2,700",+1.20%,$325B
2026-10-03 12:19:28,3,Tether,$1.00,+0.01%,$175B
2026-10-03 12:19:28,4,BNB,$600,-0.30%,$85B
2026-10-03 12:19:28,5,XRP,$2.50,+2.10%,$150B
2026-10-03 12:19:28,6,USDC,$1.00,0.00%,$75B
2026-10-03 12:19:28,7,Solana,$200,+3.20%,$95B
2026-10-03 12:19:28,8,TRON,$0.35,+0.80%,$33B
2026-10-03 12:19:28,9,Zcash,$50,+4.50%,$1B
2026-10-03 12:19:28,10,Hyperliquid,$40,+5.00%,$13B
2026-10-03 12:20:02,1,Bitcoin,"$85,000",+0.50%,$1.70T
2026-10-03 12:20:02,2,Ethereum,"$2,700",+1.20%,$325B
2026-10-03 12:20:02,3,Tether,$1.00,+0.01%,$175B
2026-10-03 12:20:02,4,BNB,$600,-0.30%,$85B
2026-10-03 12:20:02,5,XRP,$2.50,+2.10%,$150B
2026-10-03 12:20:02,6,USDC,$1.00,0.00%,$75B
2026-10-03 12:20:02,7,Solana,$200,+3.20%,$95B
2026-10-03 12:20:02,8,TRON,$0.35,+0.80%,$33B
2026-10-03 12:20:02,9,Zcash,$50,+4.50%,$1B
2026-10-03 12:20:02,10,Hyperliquid,$40,+5.00%,$13B
2026-10-03 12:30:54,1,Bitcoin,"$86,000",+0.50%,$1.70T
2026-10-03 12:30:54,2,Ethereum,"$2,700",+1.20%,$325B
2026-10-03 12:30:54,3,Tether,$1.00,+0.01%,$175B
2026-10-03 12:30:54,4,BNB,$600,-0.30%,$85B
2026-10-03 12:30:54,5,XRP,$2.50,+2.10%,$150B
2026-10-03 12:30:54,6,USDC,$1.00,0.00%,$75B
2026-10-03 12:30:54,7,Solana,$200,+3.20%,$95B
2026-10-03 12:30:54,8,TRON,$0.35,+0.80%,$33B
2026-10-03 12:30:54,9,Zcash,$50,+4.50%,$1B
2026-10-03 12:30:54,10,Hyperliquid,$40,+5.00%,$13B
2026-10-03 21:37:12,1,Bitcoin,"$86,000",+0.50%,$1.70T
2026-10-03 21:37:12,2,Ethereum,"$2,700",+1.20%,$325B
2026-10-03 21:37:12,3,Tether,$1.00,+0.01%,$175B
2026-10-03 21:37:12,4,BNB,$600,-0.30%,$85B
2026-10-03 21:37:12,5,XRP,$2.50,+2.10%,$150B
2026-10-03 21:37:12,6,USDC,$1.00,0.00%,$75B
2026-10-03 21:37:12,7,Solana,$200,+3.20%,$95B
2026-10-03 21:37:12,8,TRON,$0.35,+0.80%,$33B
2026-10-03 21:37:12,9,Zcash,$50,+4.50%,$1B
2026-10-03 21:37:12,10,Hyperliquid,$40,+5.00%,$13B
2026-10-03 21:37:45,1,Bitcoin,"$86,000",+0.50%,$1.70T
2026-10-03 21:37:45,2,Ethereum,"$2,700",+1.20%,$325B
2026-10-03 21:37:45,3,Tether,$1.00,+0.01%,$175B
2026-10-03 21:37:45,4,BNB,$600,-0.30%,$85B
2026-10-03 21:37:45,5,XRP,$2.50,+2.10%,$150B
2026-10-03 21:37:45,6,USDC,$1.00,0.00%,$75B
2026-10-03 21:37:45,7,Solana,$200,+3.20%,$95B
2026-10-03 21:37:45,8,TRON,$0.35,+0.80%,$33B
2026-10-03 21:37:45,9,Zcash,$50,+4.50%,$1B
2026-10-03 21:37:45,10,Hyperliquid,$40,+5.00%,$13B
2026-10-03 21:38:18,1,Bitcoin,"$86,000",+0.50%,$1.70T
2026-10-03 21:38:18,2,Ethereum,"$2,700",+1.20%,$325B
2026-10-03 21:38:18,3,Tether,$1.00,+0.01%,$175B
2026-10-03 21:38:18,4,BNB,$600,-0.30%,$85B
2026-10-03 21:38:18,5,XRP,$2.50,+2.10%,$150B
2026-10-03 21:38:18,6,USDC,$1.00,0.00%,$75B
2026-10-03 21:38:18,7,Solana,$200,+3.20%,$95B
2026-10-03 21:38:18,8,TRON,$0.35,+0.80%,$33B
2026-10-03 21:38:18,9,Zcash,$50,+4.50%,$1B
2026-10-03 21:38:18,10,Hyperliquid,$40,+5.00%,$13B
2026-10-03 21:38:52,1,Bitcoin,"$86,000",+0.50%,$1.70T
2026-10-03 21:38:52,2,Ethereum,"$2,700",+1.20%,$325B
2026-10-03 21:38:52,3,Tether,$1.00,+0.01%,$175B
2026-10-03 21:38:52,4,BNB,$600,-0.30%,$85B
2026-10-03 21:38:52,5,XRP,$2.50,+2.10%,$150B
2026-10-03 21:38:52,6,USDC,$1.00,0.00%,$75B
2026-10-03 21:38:52,7,Solana,$200,+3.20%,$95B
2026-10-03 21:38:52,8,TRON,$0.35,+0.80%,$33B
2026-10-03 21:38:52,9,Zcash,$50,+4.50%,$1B
2026-10-03 21:38:52,10,Hyperliquid,$40,+5.00%,$13B
2026-10-03 21:39:25,1,Bitcoin,"$86,000",+0.50%,$1.70T
2026-10-03 21:39:25,2,Ethereum,"$2,700",+1.20%,$325B
2026-10-03 21:39:25,3,Tether,$1.00,+0.01%,$175B
2026-10-03 21:39:25,4,BNB,$600,-0.30%,$85B
2026-10-03 21:39:25,5,XRP,$2.50,+2.10%,$150B
2026-10-03 21:39:25,6,USDC,$1.00,0.00%,$75B
2026-10-03 21:39:25,7,Solana,$200,+3.20%,$95B
2026-10-03 21:39:25,8,TRON,$0.35,+0.80%,$33B
2026-10-03 21:39:25,9,Zcash,$50,+4.50%,$1B
2026-10-03 21:39:25,10,Hyperliquid,$40,+5.00%,$13B
2026-10-03 21:39:58,1,Bitcoin,"$86,000",+0.50%,$1.70T
2026-10-03 21:39:58,2,Ethereum,"$2,700",+1.20%,$325B
2026-10-03 21:39:58,3,Tether,$1.00,+0.01%,$175B
2026-10-03 21:39:58,4,BNB,$600,-0.30%,$85B
2026-10-03 21:39:58,5,XRP,$2.50,+2.10%,$150B
2026-10-03 21:39:58,6,USDC,$1.00,0.00%,$75B
2026-10-03 21:39:58,7,Solana,$200,+3.20%,$95B
2026-10-03 21:39:58,8,TRON,$0.35,+0.80%,$33B
2026-10-03 21:39:58,9,Zcash,$50,+4.50%,$1B
2026-10-03 21:39:58,10,Hyperliquid,$40,+5.00%,$13B
2026-10-04 21:53:07,1,Bitcoin,"$86,000",+0.50%,$1.70T
2026-10-04 21:53:07,2,Ethereum,"$2,700",+1.20%,$325B
2026-10-04 21:53:07,3,Tether,$1.00,+0.01%,$175B
2026-10-04 21:53:07,4,BNB,$600,-0.30%,$85B
2026-10-04 21:53:07,5,XRP,$2.50,+2.10%,$150B
2026-10-04 21:53:07,6,USDC,$1.00,0.00%,$75B
2026-10-04 21:53:07,7,Solana,$200,+3.20%,$95B
2026-10-04 21:53:07,8,TRON,$0.35,+0.80%,$33B
2026-10-04 21:53:07,9,Zcash,$50,+4.50%,$1B
2026-10-04 21:53:07,10,Hyperliquid,$40,+5.00%,$13B
2026-10-04 21:53:40,1,Bitcoin,"$86,000",+0.50%,$1.70T
2026-10-04 21:53:40,2,Ethereum,"$2,700",+1.20%,$325B
2026-10-04 21:53:40,3,Tether,$1.00,+0.01%,$175B
2026-10-04 21:53:40,4,BNB,$600,-0.30%,$85B
2026-10-04 21:53:40,5,XRP,$2.50,+2.10%,$150B
2026-10-04 21:53:40,6,USDC,$1.00,0.00%,$75B
2026-10-04 21:53:40,7,Solana,$200,+3.20%,$95B
2026-10-04 21:53:40,8,TRON,$0.35,+0.80%,$33B
2026-10-04 21:53:40,9,Zcash,$50,+4.50%,$1B
2026-10-04 21:53:40,10,Hyperliquid,$40,+5.00%,$13B
2026-10-04 21:54:15,1,Bitcoin,"$86,000",+0.50%,$1.70T
2026-10-04 21:54:15,2,Ethereum,"$2,700",+1.20%,$325B
2026-10-04 21:54:15,3,Tether,$1.00,+0.01%,$175B
2026-10-04 21:54:15,4,BNB,$600,-0.30%,$85B
2026-10-04 21:54:15,5,XRP,$2.50,+2.10%,$150B
2026-10-04 21:54:15,6,USDC,$1.00,0.00%,$75B
2026-10-04 21:54:15,7,Solana,$200,+3.20%,$95B
2026-10-04 21:54:15,8,TRON,$0.35,+0.80%,$33B
2026-10-04 21:54:15,9,Zcash,$50,+4.50%,$1B
2026-10-04 21:54:15,10,Hyperliquid,$40,+5.00%,$13B
2026-10-04 21:54:49,1,Bitcoin,"$86,000",+0.50%,$1.70T
2026-10-04 21:54:49,2,Ethereum,"$2,700",+1.20%,$325B
2026-10-04 21:54:49,3,Tether,$1.00,+0.01%,$175B
2026-10-04 21:54:49,4,BNB,$600,-0.30%,$85B
2026-10-04 21:54:49,5,XRP,$2.50,+2.10%,$150B
2026-10-04 21:54:49,6,USDC,$1.00,0.00%,$75B
2026-10-04 21:54:49,7,Solana,$200,+3.20%,$95B
2026-10-04 21:54:49,8,TRON,$0.35,+0.80%,$33B
2026-10-04 21:54:49,9,Zcash,$50,+4.50%,$1B
2026-10-04 21:54:49,10,Hyperliquid,$40,+5.00%,$13B
2026-10-04 21:55:23,1,Bitcoin,"$86,000",+0.50%,$1.70T
2026-10-04 21:55:23,2,Ethereum,"$2,700",+1.20%,$325B
2026-10-04 21:55:23,3,Tether,$1.00,+0.01%,$175B
2026-10-04 21:55:23,4,BNB,$600,-0.30%,$85B
2026-10-04 21:55:23,5,XRP,$2.50,+2.10%,$150B
2026-10-04 21:55:23,6,USDC,$1.00,0.00%,$75B
2026-10-04 21:55:23,7,Solana,$200,+3.20%,$95B
2026-10-04 21:55:23,8,TRON,$0.35,+0.80%,$33B
2026-10-04 21:55:23,9,Zcash,$50,+4.50%,$1B
2026-10-04 21:55:23,10,Hyperliquid,$40,+5.00%,$13B
2026-10-04 21:55:56,1,Bitcoin,"$86,000",+0.50%,$1.70T
2026-10-04 21:55:56,2,Ethereum,"$2,700",+1.20%,$325B
2026-10-04 21:55:56,3,Tether,$1.00,+0.01%,$175B
2026-10-04 21:55:56,4,BNB,$600,-0.30%,$85B
2026-10-04 21:55:56,5,XRP,$2.50,+2.10%,$150B
2026-10-04 21:55:56,6,USDC,$1.00,0.00%,$75B
2026-10-04 21:55:56,7,Solana,$200,+3.20%,$95B
2026-10-04 21:55:56,8,TRON,$0.35,+0.80%,$33B
2026-10-04 21:55:56,9,Zcash,$50,+4.50%,$1B
2026-10-04 21:55:56,10,Hyperliquid,$40,+5.00%,$13B
2026-10-04 21:56:29,1,Bitcoin,"$86,000",+0.50%,$1.70T
2026-10-04 21:56:29,2,Ethereum,"$2,700",+1.20%,$325B
2026-10-04 21:56:29,3,Tether,$1.00,+0.01%,$175B
2026-10-04 21:56:29,4,BNB,$600,-0.30%,$85B
2026-10-04 21:56:29,5,XRP,$2.50,+2.10%,$150B
2026-10-04 21:56:29,6,USDC,$1.00,0.00%,$75B
2026-10-04 21:56:29,7,Solana,$200,+3.20%,$95B
2026-10-04 21:56:29,8,TRON,$0.35,+0.80%,$33B
2026-10-04 21:56:29,9,Zcash,$50,+4.50%,$1B
2026-10-04 21:56:29,10,Hyperliquid,$40,+5.00%,$13B
2026-10-04 21:57:10,1,Bitcoin,"$86,000",+0.50%,$1.70T
2026-10-04 21:57:10,2,Ethereum,"$2,700",+1.20%,$325B
2026-10-04 21:57:10,3,Tether,$1.00,+0.01%,$175B
2026-10-04 21:57:10,4,BNB,$600,-0.30%,$85B
2026-10-04 21:57:10,5,XRP,$2.50,+2.10%,$150B
2026-10-04 21:57:10,6,USDC,$1.00,0.00%,$75B
2026-10-04 21:57:10,7,Solana,$200,+3.20%,$95B
2026-10-04 21:57:10,8,TRON,$0.35,+0.80%,$33B
2026-10-04 21:57:10,9,Zcash,$50,+4.50%,$1B
2026-10-04 21:57:10,10,Hyperliquid,$40,+5.00%,$13B
2026-10-04 21:57:44,1,Bitcoin,"$86,000",+0.50%,$1.70T
2026-10-04 21:57:44,2,Ethereum,"$2,700",+1.20%,$325B
2026-10-04 21:57:44,3,Tether,$1.00,+0.01%,$175B
2026-10-04 21:57:44,4,BNB,$600,-0.30%,$85B
2026-10-04 21:57:44,5,XRP,$2.50,+2.10%,$150B
2026-10-04 21:57:44,6,USDC,$1.00,0.00%,$75B
2026-10-04 21:57:44,7,Solana,$200,+3.20%,$95B
2026-10-04 21:57:44,8,TRON,$0.35,+0.80%,$33B
2026-10-04 21:57:44,9,Zcash,$50,+4.50%,$1B
2026-10-04 21:57:44,10,Hyperliquid,$40,+5.00%,$13B
2026-10-04 21:58:17,1,Bitcoin,"$86,000",+0.50%,$1.70T
2026-10-04 21:58:17,2,Ethereum,"$2,700",+1.20%,$325B
2026-10-04 21:58:17,3,Tether,$1.00,+0.01%,$175B
2026-10-04 21:58:17,4,BNB,$600,-0.30%,$85B
2026-10-04 21:58:17,5,XRP,$2.50,+2.10%,$150B
2026-10-04 21:58:17,6,USDC,$1.00,0.00%,$75B
2026-10-04 21:58:17,7,Solana,$200,+3.20%,$95B
2026-10-04 21:58:17,8,TRON,$0.35,+0.80%,$33B
2026-10-04 21:58:17,9,Zcash,$50,+4.50%,$1B
2026-10-04 21:58:17,10,Hyperliquid,$40,+5.00%,$13B
2026-10-04 21:58:50,1,Bitcoin,"$86,000",+0.50%,$1.70T
2026-10-04 21:58:50,2,Ethereum,"$2,700",+1.20%,$325B
2026-10-04 21:58:50,3,Tether,$1.00,+0.01%,$175B
2026-10-04 21:58:50,4,BNB,$600,-0.30%,$85B
2026-10-04 21:58:50,5,XRP,$2.50,+2.10%,$150B
2026-10-04 21:58:50,6,USDC,$1.00,0.00%,$75B
2026-10-04 21:58:50,7,Solana,$200,+3.20%,$95B
2026-10-04 21:58:50,8,TRON,$0.35,+0.80%,$33B
2026-10-04 21:58:50,9,Zcash,$50,+4.50%,$1B
2026-10-04 21:58:50,10,Hyperliquid,$40,+5.00%,$13B
2026-10-04 21:59:24,1,Bitcoin,"$86,000",+0.50%,$1.70T
2026-10-04 21:59:24,2,Ethereum,"$2,700",+1.20%,$325B
2026-10-04 21:59:24,3,Tether,$1.00,+0.01%,$175B
2026-10-04 21:59:24,4,BNB,$600,-0.30%,$85B
2026-10-04 21:59:24,5,XRP,$2.50,+2.10%,$150B
2026-10-04 21:59:24,6,USDC,$1.00,0.00%,$75B
2026-10-04 21:59:24,7,Solana,$200,+3.20%,$95B
2026-10-04 21:59:24,8,TRON,$0.35,+0.80%,$33B
2026-10-04 21:59:24,9,Zcash,$50,+4.50%,$1B
2026-10-04 21:59:24,10,Hyperliquid,$40,+5.00%,$13B
2026-10-04 21:59:58,1,Bitcoin,"$86,000",+0.50%,$1.70T
2026-10-04 21:59:58,2,Ethereum,"$2,700",+1.20%,$325B
2026-10-04 21:59:58,3,Tether,$1.00,+0.01%,$175B
2026-10-04 21:59:58,4,BNB,$600,-0.30%,$85B
2026-10-04 21:59:58,5,XRP,$2.50,+2.10%,$150B
2026-10-04 21:59:58,6,USDC,$1.00,0.00%,$75B
2026-10-04 21:59:58,7,Solana,$200,+3.20%,$95B
2026-10-04 21:59:58,8,TRON,$0.35,+0.80%,$33B
2026-10-04 21:59:58,9,Zcash,$50,+4.50%,$1B
2026-10-04 21:59:58,10,Hyperliquid,$40,+5.00%,$13B
2026-10-04 22:00:31,1,Bitcoin,"$86,000",+0.50%,$1.70T
2026-10-04 22:00:31,2,Ethereum,"$2,700",+1.20%,$325B
2026-10-04 22:00:31,3,Tether,$1.00,+0.01%,$175B
2026-10-04 22:00:31,4,BNB,$600,-0.30%,$85B
2026-10-04 22:00:31,5,XRP,$2.50,+2.10%,$150B
2026-10-04 22:00:31,6,USDC,$1.00,0.00%,$75B
2026-10-04 22:00:31,7,Solana,$200,+3.20%,$95B
2026-10-04 22:00:31,8,TRON,$0.35,+0.80%,$33B
2026-10-04 22:00:31,9,Zcash,$50,+4.50%,$1B
2026-10-04 22:00:31,10,Hyperliquid,$40,+5.00%,$13B
2026-10-04 22:01:06,1,Bitcoin,"$86,000",+0.50%,$1.70T
2026-10-04 22:01:06,2,Ethereum,"$2,700",+1.20%,$325B
2026-10-04 22:01:06,3,Tether,$1.00,+0.01%,$175B
2026-10-04 22:01:06,4,BNB,$600,-0.30%,$85B
2026-10-04 22:01:06,5,XRP,$2.50,+2.10%,$150B
2026-10-04 22:01:06,6,USDC,$1.00,0.00%,$75B
2026-10-04 22:01:06,7,Solana,$200,+3.20%,$95B
2026-10-04 22:01:06,8,TRON,$0.35,+0.80%,$33B
2026-10-04 22:01:06,9,Zcash,$50,+4.50%,$1B
2026-10-04 22:01:06,10,Hyperliquid,$40,+5.00%,$13B
2026-10-04 22:01:40,1,Bitcoin,"$86,000",+0.50%,$1.70T
2026-10-04 22:01:40,2,Ethereum,"$2,700",+1.20%,$325B
2026-10-04 22:01:40,3,Tether,$1.00,+0.01%,$175B
2026-10-04 22:01:40,4,BNB,$600,-0.30%,$85B
2026-10-04 22:01:40,5,XRP,$2.50,+2.10%,$150B
2026-10-04 22:01:40,6,USDC,$1.00,0.00%,$75B
2026-10-04 22:01:40,7,Solana,$200,+3.20%,$95B
2026-10-04 22:01:40,8,TRON,$0.35,+0.80%,$33B
2026-10-04 22:01:40,9,Zcash,$50,+4.50%,$1B
2026-10-04 22:01:40,10,Hyperliquid,$40,+5.00%,$13B
2026-10-04 22:02:13,1,Bitcoin,"$86,000",+0.50%,$1.70T
2026-10-04 22:02:13,2,Ethereum,"$2,700",+1.20%,$325B
2026-10-04 22:02:13,3,Tether,$1.00,+0.01%,$175B
2026-10-04 22:02:13,4,BNB,$600,-0.30%,$85B
2026-10-04 22:02:13,5,XRP,$2.50,+2.10%,$150B
2026-10-04 22:02:13,6,USDC,$1.00,0.00%,$75B
2026-10-04 22:02:13,7,Solana,$200,+3.20%,$95B
2026-10-04 22:02:13,8,TRON,$0.35,+0.80%,$33B
2026-10-04 22:02:13,9,Zcash,$50,+4.50%,$1B
2026-10-04 22:02:13,10,Hyperliquid,$40,+5.00%,$13B
2026-10-04 22:02:46,1,Bitcoin,"$86,000",+0.50%,$1.70T
2026-10-04 22:02:46,2,Ethereum,"$2,700",+1.20%,$325B
2026-10-04 22:02:46,3,Tether,$1.00,+0.01%,$175B
2026-10-04 22:02:46,4,BNB,$600,-0.30%,$85B
2026-10-04 22:02:46,5,XRP,$2.50,+2.10%,$150B
2026-10-04 22:02:46,6,USDC,$1.00,0.00%,$75B
2026-10-04 22:02:46,7,Solana,$200,+3.20%,$95B
2026-10-04 22:02:46,8,TRON,$0.35,+0.80%,$33B
2026-10-04 22:02:46,9,Zcash,$50,+4.50%,$1B
2026-10-04 22:02:46,10,Hyperliquid,$40,+5.00%,$13B
2026-10-04 22:03:19,1,Bitcoin,"$86,000",+0.50%,$1.70T
2026-10-04 22:03:19,2,Ethereum,"$2,700",+1.20%,$325B
2026-10-04 22:03:19,3,Tether,$1.00,+0.01%,$175B
2026-10-04 22:03:19,4,BNB,$600,-0.30%,$85B
2026-10-04 22:03:19,5,XRP,$2.50,+2.10%,$150B
2026-10-04 22:03:19,6,USDC,$1.00,0.00%,$75B
2026-10-04 22:03:19,7,Solana,$200,+3.20%,$95B
2026-10-04 22:03:19,8,TRON,$0.35,+0.80%,$33B
2026-10-04 22:03:19,9,Zcash,$50,+4.50%,$1B
2026-10-04 22:03:19,10,Hyperliquid,$40,+5.00%,$13B
2026-10-04 22:03:53,1,Bitcoin,"$86,000",+0.50%,$1.70T
2026-10-04 22:03:53,2,Ethereum,"$2,700",+1.20%,$325B
2026-10-04 22:03:53,3,Tether,$1.00,+0.01%,$175B
2026-10-04 22:03:53,4,BNB,$600,-0.30%,$85B
2026-10-04 22:03:53,5,XRP,$2.50,+2.10%,$150B
2026-10-04 22:03:53,6,USDC,$1.00,0.00%,$75B
2026-10-04 22:03:53,7,Solana,$200,+3.20%,$95B
2026-10-04 22:03:53,8,TRON,$0.35,+0.80%,$33B
2026-10-04 22:03:53,9,Zcash,$50,+4.50%,$1B
2026-10-04 22:03:53,10,Hyperliquid,$40,+5.00%,$13B
2026-10-04 22:04:26,1,Bitcoin,"$86,000",+0.50%,$1.70T
2026-10-04 22:04:26,2,Ethereum,"$2,700",+1.20%,$325B
2026-10-04 22:04:26,3,Tether,$1.00,+0.01%,$175B
2026-10-04 22:04:26,4,BNB,$600,-0.30%,$85B
2026-10-04 22:04:26,5,XRP,$2.50,+2.10%,$150B
2026-10-04 22:04:26,6,USDC,$1.00,0.00%,$75B
2026-10-04 22:04:26,7,Solana,$200,+3.20%,$95B
2026-10-04 22:04:26,8,TRON,$0.35,+0.80%,$33B
2026-10-04 22:04:26,9,Zcash,$50,+4.50%,$1B
2026-10-04 22:04:26,10,Hyperliquid,$40,+5.00%,$13B
2026-10-04 22:05:00,1,Bitcoin,"$86,000",+0.50%,$1.70T
2026-10-04 22:05:00,2,Ethereum,"$2,700",+1.20%,$325B
2026-10-04 22:05:00,3,Tether,$1.00,+0.01%,$175B
2026-10-04 22:05:00,4,BNB,$600,-0.30%,$85B
2026-10-04 22:05:00,5,XRP,$2.50,+2.10%,$150B
2026-10-04 22:05:00,6,USDC,$1.00,0.00%,$75B
2026-10-04 22:05:00,7,Solana,$200,+3.20%,$95B
2026-10-04 22:05:00,8,TRON,$0.35,+0.80%,$33B
2026-10-04 22:05:00,9,Zcash,$50,+4.50%,$1B
2026-10-04 22:05:00,10,Hyperliquid,$40,+5.00%,$13B
2026-10-04 22:05:33,1,Bitcoin,"$86,000",+0.50%,$1.70T
2026-10-04 22:05:33,2,Ethereum,"$2,700",+1.20%,$325B
2026-10-04 22:05:33,3,Tether,$1.00,+0.01%,$175B
2026-10-04 22:05:33,4,BNB,$600,-0.30%,$85B
2026-10-04 22:05:33,5,XRP,$2.50,+2.10%,$150B
2026-10-04 22:05:33,6,USDC,$1.00,0.00%,$75B
2026-10-04 22:05:33,7,Solana,$200,+3.20%,$95B
2026-10-04 22:05:33,8,TRON,$0.35,+0.80%,$33B
2026-10-04 22:05:33,9,Zcash,$50,+4.50%,$1B
2026-10-04 22:05:33,10,Hyperliquid,$40,+5.00%,$13B
2026-10-04 22:06:07,1,Bitcoin,"$86,000",+0.50%,$1.70T
2026-10-04 22:06:07,2,Ethereum,"$2,700",+1.20%,$325B
2026-10-04 22:06:07,3,Tether,$1.00,+0.01%,$175B
2026-10-04 22:06:07,4,BNB,$600,-0.30%,$85B
2026-10-04 22:06:07,5,XRP,$2.50,+2.10%,$150B
2026-10-04 22:06:07,6,USDC,$1.00,0.00%,$75B
2026-10-04 22:06:07,7,Solana,$200,+3.20%,$95B
2026-10-04 22:06:07,8,TRON,$0.35,+0.80%,$33B
2026-10-04 22:06:07,9,Zcash,$50,+4.50%,$1B
2026-10-04 22:06:07,10,Hyperliquid,$40,+5.00%,$13B
2026-10-04 22:06:41,1,Bitcoin,"$86,000",+0.50%,$1.70T
2026-10-04 22:06:41,2,Ethereum,"$2,700",+1.20%,$325B
2026-10-04 22:06:41,3,Tether,$1.00,+0.01%,$175B
2026-10-04 22:06:41,4,BNB,$600,-0.30%,$85B
2026-10-04 22:06:41,5,XRP,$2.50,+2.10%,$150B
2026-10-04 22:06:41,6,USDC,$1.00,0.00%,$75B
2026-10-04 22:06:41,7,Solana,$200,+3.20%,$95B
2026-10-04 22:06:41,8,TRON,$0.35,+0.80%,$33B
2026-10-04 22:06:41,9,Zcash,$50,+4.50%,$1B
2026-10-04 22:06:41,10,Hyperliquid,$40,+5.00%,$13B
2026-10-04 22:07:14,1,Bitcoin,"$86,000",+0.50%,$1.70T
2026-10-04 22:07:14,2,Ethereum,"$2,700",+1.20%,$325B
2026-10-04 22:07:14,3,Tether,$1.00,+0.01%,$175B
2026-10-04 22:07:14,4,BNB,$600,-0.30%,$85B
2026-10-04 22:07:14,5,XRP,$2.50,+2.10%,$150B
2026-10-04 22:07:14,6,USDC,$1.00,0.00%,$75B
2026-10-04 22:07:14,7,Solana,$200,+3.20%,$95B
2026-10-04 22:07:14,8,TRON,$0.35,+0.80%,$33B
2026-10-04 22:07:14,9,Zcash,$50,+4.50%,$1B
2026-10-04 22:07:14,10,Hyperliquid,$40,+5.00%,$13B
2026-10-04 22:07:34,1,Bitcoin,"$86,000",+0.50%,$1.70T
2026-10-04 22:07:34,2,Ethereum,"$2,700",+1.20%,$325B
2026-10-04 22:07:34,3,Tether,$1.00,+0.01%,$175B
2026-10-04 22:07:34,4,BNB,$600,-0.30%,$85B
2026-10-04 22:07:34,5,XRP,$2.50,+2.10%,$150B
2026-10-04 22:07:34,6,USDC,$1.00,0.00%,$75B
2026-10-04 22:07:34,7,Solana,$200,+3.20%,$95B
2026-10-04 22:07:34,8,TRON,$0.35,+0.80%,$33B
2026-10-04 22:07:34,9,Zcash,$50,+4.50%,$1B
2026-10-04 22:07:34,10,Hyperliquid,$40,+5.00%,$13B
2026-10-04 22:07:47,1,Bitcoin,"$86,000",+0.50%,$1.70T
2026-10-04 22:07:47,2,Ethereum,"$2,700",+1.20%,$325B
2026-10-04 22:07:47,3,Tether,$1.00,+0.01%,$175B
2026-10-04 22:07:47,4,BNB,$600,-0.30%,$85B
2026-10-04 22:07:47,5,XRP,$2.50,+2.10%,$150B
2026-10-04 22:07:47,6,USDC,$1.00,0.00%,$75B
2026-10-04 22:07:47,7,Solana,$200,+3.20%,$95B
2026-10-04 22:07:47,8,TRON,$0.35,+0.80%,$33B
2026-10-04 22:07:47,9,Zcash,$50,+4.50%,$1B
2026-10-04 22:07:47,10,Hyperliquid,$40,+5.00%,$13B
2026-10-04 22:08:08,1,Bitcoin,"$86,000",+0.50%,$1.70T
2026-10-04 22:08:08,2,Ethereum,"$2,700",+1.20%,$325B
2026-10-04 22:08:08,3,Tether,$1.00,+0.01%,$175B
2026-10-04 22:08:08,4,BNB,$600,-0.30%,$85B
2026-10-04 22:08:08,5,XRP,$2.50,+2.10%,$150B
2026-10-04 22:08:08,6,USDC,$1.00,0.00%,$75B
2026-10-04 22:08:08,7,Solana,$200,+3.20%,$95B
2026-10-04 22:08:08,8,TRON,$0.35,+0.80%,$33B
2026-10-04 22:08:08,9,Zcash,$50,+4.50%,$1B
2026-10-04 22:08:08,10,Hyperliquid,$40,+5.00%,$13B
2026-10-04 22:08:22,1,Bitcoin,"$86,000",+0.50%,$1.70T
2026-10-04 22:08:22,2,Ethereum,"$2,700",+1.20%,$325B
2026-10-04 22:08:22,3,Tether,$1.00,+0.01%,$175B
2026-10-04 22:08:22,4,BNB,$600,-0.30%,$85B
2026-10-04 22:08:22,5,XRP,$2.50,+2.10%,$150B
2026-10-04 22:08:22,6,USDC,$1.00,0.00%,$75B
2026-10-04 22:08:22,7,Solana,$200,+3.20%,$95B
2026-10-04 22:08:22,8,TRON,$0.35,+0.80%,$33B
2026-10-04 22:08:22,9,Zcash,$50,+4.50%,$1B
2026-10-04 22:08:22,10,Hyperliquid,$40,+5.00%,$13B
2026-10-04 22:08:41,1,Bitcoin,"$86,000",+0.50%,$1.70T
2026-10-04 22:08:41,2,Ethereum,"$2,700",+1.20%,$325B
2026-10-04 22:08:41,3,Tether,$1.00,+0.01%,$175B
2026-10-04 22:08:41,4,BNB,$600,-0.30%,$85B
2026-10-04 22:08:41,5,XRP,$2.50,+2.10%,$150B
2026-10-04 22:08:41,6,USDC,$1.00,0.00%,$75B
2026-10-04 22:08:41,7,Solana,$200,+3.20%,$95B
2026-10-04 22:08:41,8,TRON,$0.35,+0.80%,$33B
2026-10-04 22:08:41,9,Zcash,$50,+4.50%,$1B
2026-10-04 22:08:41,10,Hyperliquid,$40,+5.00%,$13B
2026-10-04 22:08:55,1,Bitcoin,"$86,000",+0.50%,$1.70T
2026-10-04 22:08:55,2,Ethereum,"$2,700",+1.20%,$325B
2026-10-04 22:08:55,3,Tether,$1.00,+0.01%,$175B
2026-10-04 22:08:55,4,BNB,$600,-0.30%,$85B
2026-10-04 22:08:55,5,XRP,$2.50,+2.10%,$150B
2026-10-04 22:08:55,6,USDC,$1.00,0.00%,$75B
2026-10-04 22:08:55,7,Solana,$200,+3.20%,$95B
2026-10-04 22:08:55,8,TRON,$0.35,+0.80%,$33B
2026-10-04 22:08:55,9,Zcash,$50,+4.50%,$1B
2026-10-04 22:08:55,10,Hyperliquid,$40,+5.00%,$13B
2026-10-04 22:09:28,1,Bitcoin,"$86,000",+0.50%,$1.70T
2026-10-04 22:09:28,2,Ethereum,"$2,700",+1.20%,$325B
2026-10-04 22:09:28,3,Tether,$1.00,+0.01%,$175B
2026-10-04 22:09:28,4,BNB,$600,-0.30%,$85B
2026-10-04 22:09:28,5,XRP,$2.50,+2.10%,$150B
2026-10-04 22:09:28,6,USDC,$1.00,0.00%,$75B
2026-10-04 22:09:28,7,Solana,$200,+3.20%,$95B
2026-10-04 22:09:28,8,TRON,$0.35,+0.80%,$33B
2026-10-04 22:09:28,9,Zcash,$50,+4.50%,$1B
2026-10-04 22:09:28,10,Hyperliquid,$40,+5.00%,$13B
2026-10-04 22:10:01,1,Bitcoin,"$86,000",+0.50%,$1.70T
2026-10-04 22:10:01,2,Ethereum,"$2,700",+1.20%,$325B
2026-10-04 22:10:01,3,Tether,$1.00,+0.01%,$175B
2026-10-04 22:10:01,4,BNB,$600,-0.30%,$85B
2026-10-04 22:10:01,5,XRP,$2.50,+2.10%,$150B
2026-10-04 22:10:01,6,USDC,$1.00,0.00%,$75B
2026-10-04 22:10:01,7,Solana,$200,+3.20%,$95B
2026-10-04 22:10:01,8,TRON,$0.35,+0.80%,$33B
2026-10-04 22:10:01,9,Zcash,$50,+4.50%,$1B
2026-10-04 22:10:01,10,Hyperliquid,$40,+5.00%,$13B
2026-10-04 22:10:34,1,Bitcoin,"$86,000",+0.50%,$1.70T
2026-10-04 22:10:34,2,Ethereum,"$2,700",+1.20%,$325B
2026-10-04 22:10:34,3,Tether,$1.00,+0.01%,$175B
2026-10-04 22:10:34,4,BNB,$600,-0.30%,$85B
2026-10-04 22:10:34,5,XRP,$2.50,+2.10%,$150B
2026-10-04 22:10:34,6,USDC,$1.00,0.00%,$75B
2026-10-04 22:10:34,7,Solana,$200,+3.20%,$95B
2026-10-04 22:10:34,8,TRON,$0.35,+0.80%,$33B
2026-10-04 22:10:34,9,Zcash,$50,+4.50%,$1B
2026-10-04 22:10:34,10,Hyperliquid,$40,+5.00%,$13B
2026-10-04 22:11:07,1,Bitcoin,"$86,000",+0.50%,$1.70T
2026-10-04 22:11:07,2,Ethereum,"$2,700",+1.20%,$325B
2026-10-04 22:11:07,3,Tether,$1.00,+0.01%,$175B
2026-10-04 22:11:07,4,BNB,$600,-0.30%,$85B
2026-10-04 22:11:07,5,XRP,$2.50,+2.10%,$150B
2026-10-04 22:11:07,6,USDC,$1.00,0.00%,$75B
2026-10-04 22:11:07,7,Solana,$200,+3.20%,$95B
2026-10-04 22:11:07,8,TRON,$0.35,+0.80%,$33B
2026-10-04 22:11:07,9,Zcash,$50,+4.50%,$1B
2026-10-04 22:11:07,10,Hyperliquid,$40,+5.00%,$13B
2026-10-04 22:11:40,1,Bitcoin,"$86,000",+0.50%,$1.70T
2026-10-04 22:11:40,2,Ethereum,"$2,700",+1.20%,$325B
2026-10-04 22:11:40,3,Tether,$1.00,+0.01%,$175B
2026-10-04 22:11:40,4,BNB,$600,-0.30%,$85B
2026-10-04 22:11:40,5,XRP,$2.50,+2.10%,$150B
2026-10-04 22:11:40,6,USDC,$1.00,0.00%,$75B
2026-10-04 22:11:40,7,Solana,$200,+3.20%,$95B
2026-10-04 22:11:40,8,TRON,$0.35,+0.80%,$33B
2026-10-04 22:11:40,9,Zcash,$50,+4.50%,$1B
2026-10-04 22:11:40,10,Hyperliquid,$40,+5.00%,$13B
2026-10-04 22:12:14,1,Bitcoin,"$86,000",+0.50%,$1.70T
2026-10-04 22:12:14,2,Ethereum,"$2,700",+1.20%,$325B
2026-10-04 22:12:14,3,Tether,$1.00,+0.01%,$175B
2026-10-04 22:12:14,4,BNB,$600,-0.30%,$85B
2026-10-04 22:12:14,5,XRP,$2.50,+2.10%,$150B
2026-10-04 22:12:14,6,USDC,$1.00,0.00%,$75B
2026-10-04 22:12:14,7,Solana,$200,+3.20%,$95B
2026-10-04 22:12:14,8,TRON,$0.35,+0.80%,$33B
2026-10-04 22:12:14,9,Zcash,$50,+4.50%,$1B
2026-10-04 22:12:14,10,Hyperliquid,$40,+5.00%,$13B
2026-10-04 22:12:47,1,Bitcoin,"$86,000",+0.50%,$1.70T
2026-10-04 22:12:47,2,Ethereum,"$2,700",+1.20%,$325B
2026-10-04 22:12:47,3,Tether,$1.00,+0.01%,$175B
2026-10-04 22:12:47,4,BNB,$600,-0.30%,$85B
2026-10-04 22:12:47,5,XRP,$2.50,+2.10%,$150B
2026-10-04 22:12:47,6,USDC,$1.00,0.00%,$75B
2026-10-04 22:12:47,7,Solana,$200,+3.20%,$95B
2026-10-04 22:12:47,8,TRON,$0.35,+0.80%,$33B
2026-10-04 22:12:47,9,Zcash,$50,+4.50%,$1B
2026-10-04 22:12:47,10,Hyperliquid,$40,+5.00%,$13B
2026-10-04 22:13:20,1,Bitcoin,"$86,000",+0.50%,$1.70T
2026-10-04 22:13:20,2,Ethereum,"$2,700",+1.20%,$325B
2026-10-04 22:13:20,3,Tether,$1.00,+0.01%,$175B
2026-10-04 22:13:20,4,BNB,$600,-0.30%,$85B
2026-10-04 22:13:20,5,XRP,$2.50,+2.10%,$150B
2026-10-04 22:13:20,6,USDC,$1.00,0.00%,$75B
2026-10-04 22:13:20,7,Solana,$200,+3.20%,$95B
2026-10-04 22:13:20,8,TRON,$0.35,+0.80%,$33B
2026-10-04 22:13:20,9,Zcash,$50,+4.50%,$1B
2026-10-04 22:13:20,10,Hyperliquid,$40,+5.00%,$13B
2026-10-04 22:13:53,1,Bitcoin,"$86,000",+0.50%,$1.70T
2026-10-04 22:13:53,2,Ethereum,"$2,700",+1.20%,$325B
2026-10-04 22:13:53,3,Tether,$1.00,+0.01%,$175B
2026-10-04 22:13:53,4,BNB,$600,-0.30%,$85B
2026-10-04 22:13:53,5,XRP,$2.50,+2.10%,$150B
2026-10-04 22:13:53,6,USDC,$1.00,0.00%,$75B
2026-10-04 22:13:53,7,Solana,$200,+3.20%,$95B
2026-10-04 22:13:53,8,TRON,$0.35,+0.80%,$33B
2026-10-04 22:13:53,9,Zcash,$50,+4.50%,$1B
2026-10-04 22:13:53,10,Hyperliquid,$40,+5.00%,$13B
2026-10-04 22:14:28,1,Bitcoin,"$86,000",+0.50%,$1.70T
2026-10-04 22:14:28,2,Ethereum,"$2,700",+1.20%,$325B
2026-10-04 22:14:28,3,Tether,$1.00,+0.01%,$175B
2026-10-04 22:14:28,4,BNB,$600,-0.30%,$85B
2026-10-04 22:14:28,5,XRP,$2.50,+2.10%,$150B
2026-10-04 22:14:28,6,USDC,$1.00,0.00%,$75B
2026-10-04 22:14:28,7,Solana,$200,+3.20%,$95B
2026-10-04 22:14:28,8,TRON,$0.35,+0.80%,$33B
2026-10-04 22:14:28,9,Zcash,$50,+4.50%,$1B
2026-10-04 22:14:28,10,Hyperliquid,$40,+5.00%,$13B
2026-10-04 22:16:04,1,Bitcoin,"$86,000",+0.50%,$1.70T
2026-10-04 22:16:04,2,Ethereum,"$2,700",+1.20%,$325B
2026-10-04 22:16:04,3,Tether,$1.00,+0.01%,$175B
2026-10-04 22:16:04,4,BNB,$600,-0.30%,$85B
2026-10-04 22:16:04,5,XRP,$2.50,+2.10%,$150B
2026-10-04 22:16:04,6,USDC,$1.00,0.00%,$75B
2026-10-04 22:16:04,7,Solana,$200,+3.20%,$95B
2026-10-04 22:16:04,8,TRON,$0.35,+0.80%,$33B
2026-10-04 22:16:04,9,Zcash,$50,+4.50%,$1B
2026-10-04 22:16:04,10,Hyperliquid,$40,+5.00%,$13B
2026-10-04 22:19:29,1,Bitcoin,"$86,000",+0.50%,$1.70T
2026-10-04 22:19:29,2,Ethereum,"$2,700",+1.20%,$325B
2026-10-04 22:19:29,3,Tether,$1.00,+0.01%,$175B
2026-10-04 22:19:29,4,BNB,$600,-0.30%,$85B
2026-10-04 22:19:29,5,XRP,$2.50,+2.10%,$150B
2026-10-04 22:19:29,6,USDC,$1.00,0.00%,$75B
2026-10-04 22:19:29,7,Solana,$200,+3.20%,$95B
2026-10-04 22:19:29,8,TRON,$0.35,+0.80%,$33B
2026-10-04 22:19:29,9,Zcash,$50,+4.50%,$1B
2026-10-04 22:19:29,10,Hyperliquid,$40,+5.00%,$13B
2026-10-04 22:21:58,1,Bitcoin,"$86,000",+0.50%,$1.70T
2026-10-04 22:21:58,2,Ethereum,"$2,700",+1.20%,$325B
2026-10-04 22:21:58,3,Tether,$1.00,+0.01%,$175B
2026-10-04 22:21:58,4,BNB,$600,-0.30%,$85B
2026-10-04 22:21:58,5,XRP,$2.50,+2.10%,$150B
2026-10-04 22:21:58,6,USDC,$1.00,0.00%,$75B
2026-10-04 22:21:58,7,Solana,$200,+3.20%,$95B
2026-10-04 22:21:58,8,TRON,$0.35,+0.80%,$33B
2026-10-04 22:21:58,9,Zcash,$50,+4.50%,$1B
2026-10-04 22:21:58,10,Hyperliquid,$40,+5.00%,$13B
2026-10-04 22:23:57,1,Bitcoin,"$86,000",+0.50%,$1.70T
2026-10-04 22:23:57,2,Ethereum,"$2,700",+1.20%,$325B
2026-10-04 22:23:57,3,Tether,$1.00,+0.01%,$175B
2026-10-04 22:23:57,4,BNB,$600,-0.30%,$85B
2026-10-04 22:23:57,5,XRP,$2.50,+2.10%,$150B
2026-10-04 22:23:57,6,USDC,$1.00,0.00%,$75B
2026-10-04 22:23:57,7,Solana,$200,+3.20%,$95B
2026-10-04 22:23:57,8,TRON,$0.35,+0.80%,$33B
2026-10-04 22:23:57,9,Zcash,$50,+4.50%,$1B
2026-10-04 22:23:57,10,Hyperliquid,$40,+5.00%,$13B
2026-10-04 22:24:09,1,Bitcoin,"$86,000",+0.50%,$1.70T
2026-10-04 22:24:09,2,Ethereum,"$2,700",+1.20%,$325B
2026-10-04 22:24:09,3,Tether,$1.00,+0.01%,$175B
2026-10-04 22:24:09,4,BNB,$600,-0.30%,$85B
2026-10-04 22:24:09,5,XRP,$2.50,+2.10%,$150B
2026-10-04 22:24:09,6,USDC,$1.00,0.00%,$75B
2026-10-04 22:24:09,7,Solana,$200,+3.20%,$95B
2026-10-04 22:24:09,8,TRON,$0.35,+0.80%,$33B
2026-10-04 22:24:09,9,Zcash,$50,+4.50%,$1B
2026-10-04 22:24:09,10,Hyperliquid,$40,+5.00%,$13B
2026-10-04 22:28:56,1,Bitcoin,"$86,000",+0.50%,$1.70T
2026-10-04 22:28:56,2,Ethereum,"$2,700",+1.20%,$325B
2026-10-04 22:28:56,3,Tether,$1.00,+0.01%,$175B
2026-10-04 22:28:56,4,BNB,$600,-0.30%,$85B
2026-10-04 22:28:56,5,XRP,$2.50,+2.10%,$150B
2026-10-04 22:28:56,6,USDC,$1.00,0.00%,$75B
2026-10-04 22:28:56,7,Solana,$200,+3.20%,$95B
2026-10-04 22:28:56,8,TRON,$0.35,+0.80%,$33B
2026-10-04 22:28:56,9,Zcash,$50,+4.50%,$1B
2026-10-04 22:28:56,10,Hyperliquid,$40,+5.00%,$13B
2026-10-04 22:26:42,1,Bitcoin,"$86,000",+0.50%,$1.70T
2026-10-04 22:26:42,2,Ethereum,"$2,700",+1.20%,$325B
2026-10-04 22:26:42,3,Tether,$1.00,+0.01%,$175B
2026-10-04 22:26:42,4,BNB,$600,-0.30%,$85B
2026-10-04 22:26:42,5,XRP,$2.50,+2.10%,$150B
2026-10-04 22:26:42,6,USDC,$1.00,0.00%,$75B
2026-10-04 22:26:42,7,Solana,$200,+3.20%,$95B
2026-10-04 22:26:42,8,TRON,$0.35,+0.80%,$33B
2026-10-04 22:26:42,9,Zcash,$50,+4.50%,$1B
2026-10-04 22:26:42,10,Hyperliquid,$40,+5.00%,$13B
2026-10-04 22:29:31,1,Bitcoin,"$86,000",+0.50%,$1.70T
2026-10-04 22:29:31,2,Ethereum,"$2,700",+1.20%,$325B
2026-10-04 22:29:31,3,Tether,$1.00,+0.01%,$175B
2026-10-04 22:29:31,4,BNB,$600,-0.30%,$85B
2026-10-04 22:29:31,5,XRP,$2.50,+2.10%,$150B
2026-10-04 22:29:31,6,USDC,$1.00,0.00%,$75B
2026-10-04 22:29:31,7,Solana,$200,+3.20%,$95B
2026-10-04 22:29:31,8,TRON,$0.35,+0.80%,$33B
2026-10-04 22:29:31,9,Zcash,$50,+4.50%,$1B
2026-10-04 22:29:31,10,Hyperliquid,$40,+5.00%,$13B
2026-10-04 22:30:06,1,Bitcoin,"$86,000",+0.50%,$1.70T
2026-10-04 22:30:06,2,Ethereum,"$2,700",+1.20%,$325B
2026-10-04 22:30:06,3,Tether,$1.00,+0.01%,$175B
2026-10-04 22:30:06,4,BNB,$600,-0.30%,$85B
2026-10-04 22:30:06,5,XRP,$2.50,+2.10%,$150B
2026-10-04 22:30:06,6,USDC,$1.00,0.00%,$75B
2026-10-04 22:30:06,7,Solana,$200,+3.20%,$95B
2026-10-04 22:30:06,8,TRON,$0.35,+0.80%,$33B
2026-10-04 22:30:06,9,Zcash,$50,+4.50%,$1B
2026-10-04 22:30:06,10,Hyperliquid,$40,+5.00%,$13B
2026-10-04 22:29:59,1,Bitcoin,"$86,000",+0.50%,$1.70T
2026-10-04 22:29:59,2,Ethereum,"$2,700",+1.20%,$325B
2026-10-04 22:29:59,3,Tether,$1.00,+0.01%,$175B
2026-10-04 22:29:59,4,BNB,$600,-0.30%,$85B
2026-10-04 22:29:59,5,XRP,$2.50,+2.10%,$150B
2026-10-04 22:29:59,6,USDC,$1.00,0.00%,$75B
2026-10-04 22:29:59,7,Solana,$200,+3.20%,$95B
2026-10-04 22:29:59,8,TRON,$0.35,+0.80%,$33B
2026-10-04 22:29:59,9,Zcash,$50,+4.50%,$1B
2026-10-04 22:29:59,10,Hyperliquid,$40,+5.00%,$13B
2026-10-04 22:30:42,1,Bitcoin,"$86,000",+0.50%,$1.70T
2026-10-04 22:30:42,2,Ethereum,"$2,700",+1.20%,$325B
2026-10-04 22:30:42,3,Tether,$1.00,+0.01%,$175B
2026-10-04 22:30:42,4,BNB,$600,-0.30%,$85B
2026-10-04 22:30:42,5,XRP,$2.50,+2.10%,$150B
2026-10-04 22:30:42,6,USDC,$1.00,0.00%,$75B
2026-10-04 22:30:42,7,Solana,$200,+3.20%,$95B
2026-10-04 22:30:42,8,TRON,$0.35,+0.80%,$33B
2026-10-04 22:30:42,9,Zcash,$50,+4.50%,$1B
2026-10-04 22:30:42,10,Hyperliquid,$40,+5.00%,$13B
